nama_titik,lokasi_jalan,lokasi_kecamatan,lokasi_kotamadya,sarana,jenis_reklame,bentuk_reklame,surat_keputusan_reklame,tanggal_surat_keputusan_reklame
"Titik T1A","Jl. Bekasi Raya","Kecamatan Cakung"," Jakarta Timur","Taman","Billboard","Vertikal","SK 133 THN 2000"," 10 November 2003"
"Titik T1B","Jl. Bekasi Raya","Kecamatan Cakung"," Jakarta Timur","Taman","Billboard","Vertikal","SK 133 THN 2000"," 10 November 2003"
"Titik T2","Jl. DI Panjaitan dpn Perumnas","Kecamatan Jatinegara"," Jakarta Timur","Taman","Billboard","Vertikal","SK 14 THN 2005"," 20 Januari 2005"
"Titik T2A","Jl. Bekasi Raya","Kecamatan Cakung"," Jakarta Timur","Bahu Jalan","Billboard","Vertikal","SK 133 THN 2000"," 10 November 2003"
"Titik T2B","Jl. Raya Bekasi","Kecamatan Cakung"," Jakarta Timur","Bahu Jalan","Billboard","Vertikal","SK 133 THN 2000"," 10 November 2003"
"Titik T3A","Jl. Bekasi Raya","Kecamatan Cakung"," Jakarta Timur","Bahu Jalan","Billboard","Vertikal","SK 133 THN 2000"," 10 November 2003"
"Titik T3B","Jl. Bekasi Raya","Kecamatan Cakung"," Jakarta Timur","Bahu Jalan","Billboard","Vertikal","SK 133 THN 2000"," 10 November 2003"
"Titik T3C","Jl. Raya Bekasi","Kecamatan Cakung"," Jakarta Timur","Bahu Jalan","Billboard","Horizontal","SK 133 THN 2000"," 10 November 2003"
"Titik T4","Jl. MT Haryono","Kecamatan Jatinegara"," Jakarta Timur","Taman","Billboard","Vertikal","SK 14 THN 2005"," 20 Januari 2005"
"Titik T4A","Jl. Pemuda/Jl. Jend. A. Yani","Kecamatan Pulogadung"," Jakarta Timur","Bahu Jalan","Billboard","Horizontal","SK 133 THN 2000"," 10 November 2003"
"Titik T4B","Jl. Jend. A. Yani/Jl. Pemuda","Kecamatan Pulogadung"," Jakarta Timur","Bahu Jalan","Billboard","Horizontal","SK 133 THN 2000"," 10 November 2003"
"Titik T5A","Jl. DI Panjaitan/Jl. Basuki Rachmat","Kecamatan Jatinegara"," Jakarta Timur","Taman","Billboard","Horizontal","SK 133 THN 2000"," 10 November 2003"
"Titik T5B","Jl. DI Panjaitan/Jl. Basuki Rahmat","Kecamatan Jatinegara"," Jakarta Timur","Bahu Jalan","Billboard","Vertikal","SK 133 THN 2000"," 10 November 2003"
"Titik T6A","Jl. DI. Panjaitan/depan Swalayan","Kecamatan Jatinegara"," Jakarta Timur","Bahu Jalan","Billboard","Horizontal","SK 133 THN 2000"," 10 November 2003"
"Titik T7A","Jl. Kali Malang/Jl. Tarum Barat","Kecamatan Duren Sawit"," Jakarta Timur","Bahu Jalan","Billboard","Vertikal","SK 133 THN 2000"," 10 November 2003"
"Titik T7B","Jl. Kali Malang/Jl. Tarum Barat","Kecamatan Duren Sawit"," Jakarta Timur","Bahu Jalan","Billboard","Vertikal","SK 133 THN 2000"," 10 November 2003"
"Titik T8A","Jl. Dewi Sartika/Jl. MT Haryono","Kecamatan Keramat Jati"," Jakarta Timur","Bahu Jalan","Billboard","Vertikal","SK 133 THN 2000"," 10 November 2003"
"Titik T8B","Jl. Dewi Sartika/Jl. MT Haryono","Kecamatan Keramat Jati"," Jakarta Timur","Bahu Jalan","Billboard","Vertikal","SK 133 THN 2000"," 10 November 2003"
"Titik T9A","Jl. Raya Bogor depan PGC","Kecamatan Keramat Jati"," Jakarta Timur","Bahu Jalan","Billbaord","Horizontal","SK 133 THN 2000"," 10 November 2003"
"Titik T9B","Jl. Raya Bogor depan PGC","Kecamatan Keramat Jati"," Jakarta Timur","Bahu Jalan","Billboard","Horizontal","SK 133 THN 2000"," 10 November 2003"
"Titik T10A","Jl. Raya Bogor/Lingkar Luar","Kecamatan Ciracas"," Jakarta Timur","Bahu Jalan","Billboard","Vertikal","SK 133 THN 2000"," 10 November 2003"
"Titik T10B","Jl. Raya Bogor/Lingkar Luar","Kecamatan Ciracas"," Jakarta Timur","Bahu Jalan","Billboard","Vertikal","SK 133 THN 2000"," 10 November 2003"
"Titik T10C","Jl. Raya Bogor/Lingkar Luar","Kecamatan Ciracas"," Jakarta Timur","Bahu Jalan","Billboard","Vertikal","SK 133 THN 2000"," 10 November 2003"
"Titik T10D","Jl. Raya Bogor/Lingkar Luar","Kecamatan Ciracas"," Jakarta Timur","Bahu Jalan","Billboard","Vertikal","SK 133 THN 2000"," 10 November 2003"
"Titik T10E","Jl. Raya Bogor/Lingkar Luar","Kecamatan Ciracas"," Jakarta Timur","Bahu Jalan","Billboard","Horizontal","SK 133 THN 2000"," 10 November 2003"
"Titik T10F","Jl. Raya Bogor/Lingkar Luar","Kecamatan Ciracas"," Jakarta Timur","Bahu Jalan","Billboard","Horizontal","SK 133 THN 2000"," 10 November 2003"
"Titik T11A","Jl.","Kecamatan Ciracas"," Jakarta Timur","Bahu Jalan","Billboard","Horizontal","SK 133 THN 2000"," 10 November 2003"
"Titik T11B","Jl.","Kecamatan Ciracas"," Jakarta Timur","Bahu Jalan","Billboard","Horizontal","SK 133 THN 2000"," 10 November 2003"
"Titik T12A","Jl. Lingkar Luar","Kecamatan Ciracas"," Jakarta Timur","Bahu Jalan","Billboard","Vertikal","SK 133 THN 2000"," 10 November 2003"
"Titik T12B","Jl. Lingkar Luar","Kecamatan Ciracas"," Jakarta Timur","Bahu Jalan","Billboard","Vertikal","SK 133 THN 2000"," 10 November 2003"
"Titik T13A","Jl. Raya Bogor/Jl. Pendidikan","Kecamatan Pasar Rebo"," Jakarta Timur","Bahu Jalan","Billboard","Vertikal","SK 133 THN 2000"," 10 November 2003"
"Titik T13B","Jl. Raya Bogor/Jl. Pendidikan","Kecamatan Pasar Rebo"," Jakarta Timur","Bahu Jalan","Billboard","Vertikal","SK 133 THN 2000"," 10 November 2003"
"Titik T14","Jl.","Kecamatan Kramat Jati"," Jakarta Timur","Bahu Jalan","Billboard","Vertikal","SK 55 THN 2002"," 25 April 2002"
"Titik T15","Jl. Jend. Ahmad Yani/Jl Rawamangun","Kecamatan Pulogadung"," Jakarta Timur","","Billboard","Horizontal","SK 82 THN 2007"," 7 Juni 2007"
"Titik T16","Jl. Bekasi Barat Raya","Kecamatan Jatinegara"," Jakarta Timur","","Billboard","Horizontal","SK 82 THN 2007"," 7 Juni 2007"
"Titik T17","Jl. DI. Panjaitan","Kecamatan Jatinegara"," Jakarta Timur","","Billboard","Horizontal","SK 82 THN 2007"," 7 Juni 2007"
"Titik T19","Jl. Letjen MT Haryono","Kecamatan Jatinegara"," Jakarta Timur","","Billboard","Horizontal","SK 82 THN 2007"," 7 Juni 2007"
"Titik T20","Jl. Kalibata","Kecamatan Kramatjati"," Jakarta Timur","","Billboard","Horizontal","SK 82 THN 2007"," 7 Juni 2007"
"Titik S1A","Jl.","Kecamatan Setia Budi"," Jakarta Selatan","Bahu Jalan","Billboard","Vertikal","SK 133 THN 2000"," 10 November 2003"
"Titik S1B","Jl.","Kecamatan Setia Budi"," Jakarta Selatan","Bahu Jalan","Billboard","Vertikal","SK 133 THN 2000"," 10 November 2003"
"Titik S2A (PD PAL)","Jl.","Kecamatan Setia Budi"," Jakarta Selatan","Bahu Jalan","Billboard","Vertikal","SK 133 THN 2000"," 10 November 2003"
"Titik S2B (PD PAL)","Jl.","Kecamatan Setia Budi"," Jakarta Selatan","Bahu Jalan","Billboard","Vertikal","SK 133 THN 2000"," 10 November 2003"
"Titik S3A","Jl.","Kecamatan Setia Budi"," Jakarta Selatan","Taman","Billboard","Vertikal","SK 133 THN 2000"," 10 November 2003"
"Titik S4A","Jl. Jend. Gatot Subroto/Jl. Rasuna Said","Kecamatan Mampang Prapatan"," Jakarta Selatan","Bahu Jalan","Billboard","Vertikal","SK 133 THN 2000"," 10 November 2003"
"Titik S4B","Jl. Jend. Gatot Subroto/Jl. Rasuna Said","Kecamatan Mampang Prapatan"," Jakarta Selatan","Bahu Jalan","Billboard","Vertikal","SK 133 THN 2000"," 10 November 2003"
"Titik S4C","Jl. Jend. Gatot Subroto/Jl. Mampang","Kecamatan Mampang Prapatan"," Jakarta Selatan","Bahu Jalan","Billboard","Vertikal","SK 133 THN 2000"," 10 November 2003"
"Titik S5A","Jl. Jend. Gatot Subroto/Taman Supomo","Kecamatan Tebet"," Jakarta Selatan","Taman","Billboard","Vertikal","SK 133 THN 2000"," 10 November 2003"
"Titik S6A","Jl.","Kecamatan Tebet"," Jakarta Selatan","Bahu Jalan","Billboard","Vertikal","SK 133 THN 2000"," 10 November 2003"
"Titik S6B","Jl.","Kecamatan Tebet"," Jakarta Selatan","Bahu Jalan","Billboard","Vertikal","SK 133 THN 2000"," 10 November 2003"
"Titik S7A","Jl. Jend. Gatot Subroto/Jl. HR. Rasuna","Kecamatan Setia Budi"," Jakarta Selatan","Bahu Jalan","Billboard","Vertikal","SK 133 THN 2000"," 10 November 2003"
"Titik S7B","Jl. Jend. Gatot Subroto/Jl. HR. Rasuna","Kecamatan Setia Budi"," Jakarta Selatan","Bahu Jalan","Billboard","Vertikal","SK 133 THN 2000"," 10 November 2003"
"Titik S7C  Jl. Jend. Gatot Subroto/Jl. HR. Rasuna","Jl. Jend. Gatot Subroto/Jl. HR. Rasuna","Kecamatan Setia Budi"," Jakarta Selatan","Bahu Jalan","Billboard","Vertikal","SK 133 THN 2000"," 10 November 2003"
"Titik S8A","Jl.","Kecamatan Kebayoran Baru"," Jakarta Selatan","Bahu Jalan","Billboard","Billboard","SK 133 THN 2000"," 10 November 2003"
"Titik S8B","Jl.","Kecamatan Kebayoran Baru"," Jakarta Selatan","Bahu Jalan","Billboard","Billboard","SK 133 THN 2000"," 10 November 2003"
"Titik S9A","Jl. Panglima Polim/Jl. Sambas","Kecamatan Kebayoran Baru"," Jakarta Selatan","Taman","Billboard","Vertikal","SK 133 THN 2000"," 10 November 2003"
"Titik S9B","Jl. Panglima Polim/Jl. Sambas","Kecamatan Kebayoran Baru"," Jakarta Selatan","Taman","Billboard","Vertikal","SK 133 THN 2000"," 10 November 2003"
"Titik S10A","Jl. Kyai Maja/Jl. Barito","Kecamatan Kebayoran Baru"," Jakarta Selatan","Taman","Billboard","Vertikal","SK 133 THN 2000"," 10 November 2003"
"Titik S10B","Jl. Kyai Maja/Jl. Barito","Kecamatan Kebayoran Baru"," Jakarta Selatan","Taman","Billboard","Vertikal","SK 133 THN 2000"," 10 November 2003"
"Titik S11A","Jl. Kyai Maja/Jl. Gandaria 3","Kecamatan Kebayoran Baru"," Jakarta Selatan","Taman","Billboard","Vertikal","SK 133 THN 2000"," 10 November 2003"
"Titik S12A","Jl. Sultan Iskandar Muda/Arteri","Kecamatan Kebayoran Lama"," Jakarta Selatan","Taman","Billboard","Horizontal","SK 133 THN 2000"," 10 November 2003"
"Titik S12B","Jl. Sultan Iskandar Muda/Arteri","Kecamatan Kebayoran Lama"," Jakarta Selatan","Taman","Billboard","Horizontal","SK 133 THN 2000"," 10 November 2003"
"Titik S13A","Jl. Warung Jati Barat/Jl. Pejaten Barat","Kecamatan Pasar Minggu"," Jakarta Selatan","Taman","Billboard","Vertikal","SK 133 THN 2000"," 10 November 2003"
"Titik S13B","Jl. Warung Jati Barat/Jl. Pejaten Barat","Kecamatan Pasar Minggu"," Jakarta Selatan","Taman","Billboard","Vertikal","SK 133 THN 2000"," 10 November 2003"
"Titik S14A","Jl. TB. Simatupang","Kecamatan Pasar Minggu"," Jakarta Selatan","Bahu Jalan","Billboard","Vertikal","SK 133 THN 2000"," 10 November 2003"
"Titik S15A","Jl. TB. Simatupang/Jl. RM. Harsono","Kecamatan Pasar Minggu"," Jakarta Selatan","Bahu Jalan","Billboard","Vertikal","SK 133 THN 2000"," 10 November 2003"
"Titik S15B","Jl. TB. Simatupang/Jl. RM. Harsono","Kecamatan Pasar Minggu"," Jakarta Selatan","Bahu Jalan","Billboard","Vertikal","SK 133 THN 2000"," 10 November 2003"
"Titik S15C","Jl. TB. Simatupang/Jl. RM. Harsono","Kecamatan Pasar Minggu"," Jakarta Selatan","Bahu Jalan","Billboard","Vertikal","SK 133 THN 2000"," 10 November 2003"
"Titik S15D","Jl. TB. Simatupang/Jl. RM. Harsono","Kecamatan Pasar Minggu"," Jakarta Selatan","Bahu Jalan","Billboard","Vertikal","SK 133 THN 2000"," 10 November 2003"
"Titik S16A","Jl. TB. Simatupang/Jl. Cilandak KKO","Kecamatan Pasar Minggu"," Jakarta Selatan","Bahu Jalan","Billboard","Vertikal","SK 133 THN 2000"," 10 November 2003"
"Titik S16B","Jl. TB. Simatupang/Jl. Cilandak KKO","Kecamatan Pasar Minggu"," Jakarta Selatan","Bahu Jalan","Billboard","Vertikal","SK 133 THN 2000"," 10 November 2003"
"Titik S17A","Jl. TB. Simatupang","Kecamatan Pasar Minggu"," Jakarta Selatan","Taman","Billboard","Vertikal","SK 133 THN 2000"," 10 November 2003"
"Titik S18A","Jl. Pasar Jum'at/Lebak Bulus","Kecamatan Cilandak"," Jakarta Selatan","Taman","Billboard","Vertikal","SK 133 THN 2000"," 10 November 2003"
"Titik S18B","Jl. Pasar Jum'at/Lebak Bulus","Kecamatan Cilandak"," Jakarta Selatan","Taman","Billboard","Vertikal","SK 133 THN 2000"," 10 November 2003"
"Titik S19A","Jl. Ciputat Raya/Jl. Pasar Lebak Bulus","Kecamatan Kebayoran Lama"," Jakarta Selatan","Bahu Jalan","Billboard","Vertikal","SK 133 THN 2000"," 10 November 2003"
"Titik S19B","Jl. Ciputat Raya/Jl. Pasar Lebak Bulus","Kecamatan Kebayoran Lama"," Jakarta Selatan","Bahu Jalan","Billboard","Vertikal","SK 133 THN 2000"," 10 November 2003"
"Titik S20  (Tambahan)","Jl. Setuia Budi Tengah","Kecamatan Setia Budi"," Jakarta Selatan","PD PAL","Billboard","Horizontal","SK 55 THN 2002"," 25 April 2002"
"Titik S21 (Tambahan)","Jl. Hang Lekir 1/ Jl. Asia Afrika","Kecamatan Kebayoran Baru"," Jakarta Selatan","Bahu Jalan","Billboard","Horizontal","SK 55 THN 2002"," 25 April 2002"
"Titik S22  (Tambahan)","Jl. Kemang Raya/ Jl. Bangka Raya","Kecamatan Mampang Prapatan"," Jakarta Selatan","Bahu Jalan","Billboard","Horizontal","SK 55 THN 2002"," 25 April 2002"
"Titik S24","Jl. Tembaga/Jl. Patal Senayan","Kecamatan kebayoran Lama"," Jakarta Selatan","Bahu Jalan","Billboard","Vertikal","SK 14 THN 2005"," 20 Januari 2005"
"Titik S25","Jl. HR. Rasuna Said/ depan Hotel Regent","Kecamatan Setia Budi"," Jakarta Selatan","Taman","Billboard","Vertikal","SK 14 THN 2005"," 20 Januari 2005"
"Titik S26","Jl. Jend. Gatot Subroto/Jl. Buncit Raya","Kecamatan Mampang Prapatan"," Jakarta Selatan","Bahu Jalan","Billboard","Vertikal","SK 14 THN 2005"," 20 Januari 2005"
"Titik S27","Jl. Senopati/Jl. Gunawarman","Kecamatan Kebayoran Baru"," Jakarta Selatan","Taman","Billboard","Vertikal","SK 14 THN 2005"," 20 Januari 2005"
"Titik S28","Jl. Senopati/Jl. Rajasa (SCBD)","Kecamatan Kebayoran Baru"," Jakarta Selatan","Bahu Jalan","Billboard","Vertikal","SK 14 THN 2005"," 20 Januari 2005"
"Titik S29","Jl. Barito - Jl Gandaria Tengah","Kecamatan Kebayoran Baru"," Jakarta Selatan","Taman","Billboard","Vertikal","SK 14 THN 2005"," 20 Januari 2005"
"Titik S30","Jl. Jend. Sudirman-dpn kantor PAN","Kecamatan Kebayoran Baru"," Jakarta Selatan","Taman","Billboard","Vertikal","SK 14 THN 2005"," 20 Januari 2005"
"Titik S31","Jl. Jend. Gatot Subroto-Jl Kapt.Tendean","Kecamatan Mampang Prapatan"," Jakarta Selatan","Taman","Billboard","Vertikal","SK 14 THN 2005"," 20 Januari 2005"
"Titik S32","Jl. Raya Ciputat-Lebak Bulus/Jl. Pasar Jumat","Kecamatan Cilandak"," Jakarta Selatan","Bahu Jalan","Billboard","Vertikal","SK 14 THN 2005"," 20 Januari 2005"
"Titik S33","Jl. Jend. Sudirman-Jl. DR.Satrio","Kecamatan Setia Budi"," Jakarta Selatan","Taman","Billboard","Vertikal","SK 14 THN 2005"," 20 Januari 2005"
"Titik S34","Jl. Jend. Gatot Subroto-Jl. Kapt Tendean","Kecamatan Mampang Prapatan"," Jakarta Selatan","Taman","Billboard","Vertikal","SK 14 THN 2005"," 20 Januari 2005"
"Titik S35","Jl. Warung Buncit","Kecamatan Pancoran"," Jakarta Selatan","Taman","Billboard","Vertikal","SK 14 THN 2005"," 20 Januari 2005"
"Titik S36","Jl. Dr. Saharjo-Jl Casablanca","Kecamatan Tebet"," Jakarta Selatan","Bahu Jalan","Billboard","Vertikal","SK 14 THN 2005"," 20 Januari 2005"
"Titik S37","Jl. TB Simatupang","Kecamatan Cilandak"," Jakarta Selatan","Taman","Billboard","Vertikal","SK 14 THN 2005"," 20 Januari 2005"
"Titik S38","Jl. Kyai Maja-Jl Pakubuwono","Kecamatan Kebayoran Baru"," Jakarta Selatan","Taman","Billboard","Vertikal","SK 14 THN 2005"," 20 Januari 2005"
"Titik S39","Jl. Minangkabau - Jl Sultan Agung","Kecamatan Tebet"," Jakarta Selatan","Taman","Billboard","Vertikal","SK 14 THN 2005"," 20 Januari 2005"
"Titik S40","Jl. Suryo-Wolter Mangunsidi","Kecamatan Kebayoran Baru"," Jakarta Selatan","Taman","Billboard","Vertikal","SK 14 THN 2005"," 20 Januari 2005"
"Titik S41","Jl. Gunawarman-Jl Senopati","Kecamatan Kebayoran Baru"," Jakarta Selatan","Taman","Billboard","Vertikal","SK 14 THN 2005"," 20 Januari 2005"
"Titik S42","Jl. Tentara Pelajar-Teuku Nyak Arief","Kecamatan Kebayoran Lama"," Jakarta Selatan","Taman","Billboard","Vertikal","SK 14 THN 2005"," 20 Januari 2005"
"Titik S43","Jl. Trunojoyo-Jl. Hasanuddin","Kecamatan Kebayoran Lama"," Jakarta Selatan","Bahu Jalan","Billboard","Vertikal","SK 14 THN 2005"," 20 Januari 2005"
"Titik S44","Jl. Casablanca-Jl. HR Rasuna said","Kecamatan Tebet"," Jakarta Selatan","Bahu Jalan","Billboard","Vertikal","SK 14 THN 2005"," 20 Januari 2005"
"Titik S45","Jl. Letjen Haryono,MT","Kecamatan Tebet"," Jakarta Selatan","Bahu Jalan","Billboard","Vertikal","SK 82 THN 2007"," 7 Juni 2007"
"Titik S46","Jl. Letjen Haryono.MT/Bantaran Kali Ciliwung","Kecamatan Tebet"," Jakarta Selatan","Bahu Jalan","Billboard","Vertikal","SK 82 THN 2007"," 7 Juni 2007"
"Titik S47","Jl. Letjen Haryono.MT","Kecamatan Tebet"," Jakarta Selatan","Bahu Jalan","Billboard","Vertikal","SK 82 THN 2007"," 7 Juni 2007"
"Titik S48","Jl. Sultan Iskandarmuda","Kecamatan Kebayoran Lama"," Jakarta Selatan","Bahu Jalan","Billboard","Vertikal","SK 82 THN 2007"," 7 Juni 2007"
"Titik S49","Jl. Sultan Iskandarmuda","Kecamatan Kebayoran Lama"," Jakarta Selatan","Bahu Jalan","Billboard","Vertikal","SK 82 THN 2007"," 7 Juni 2007"
"Titik S50","Jl. Margaguna","Kecamatan Kebayoran Baru"," Jakarta Selatan","Bahu Jalan","Billboard","Vertikal","SK 82 THN 2007"," 7 Juni 2007"
"Titik S50","Jl. Margaguna","Kecamatan Kebayoran Baru"," Jakarta Selatan","Bahu Jalan","Billboard","Vertikal","SK 82 THN 2007"," 7 Juni 2007"
"Titik S51","Jl. Raya Psar Minggu/Pertigaan Kalibata","Kecamatan Pancoran"," Jakarta Selatan","Bahu Jalan","Billboard","Vertikal","SK 82 THN 2007"," 7 Juni 2007"
"Titik….(No LRK 3546-47)","Jl. Prapanca","Kecamatan Kebayoran Baru"," Jakarta Selatan","Bahu Jalan","Billboard","Vertikal","SK 82 THN 2007"," 7 Juni 2007"
"Titik….(No LRK 32/4)","Jl. Wijaya 2 Taman dpn Dharmawangsa Square","Kecamatan Kebayoran Baru"," Jakarta Selatan","Bahu Jalan","Billboard","Vertikal","SK 82 THN 2007"," 7 Juni 2007"
"Titik….(No LRK 4339)","Jl. Dr Sahardjo","Kecamatan Tebet"," Jakarta Selatan","Bahu Jalan","Billboard","Vertikal","SK 82 THN 2007"," 7 Juni 2007"
"Titik….(No LRK 32/46)","Jl. Panglima Polim","Kecamatan Kebayoran Baru"," Jakarta Selatan","Bahu Jalan","Billboard","Vertikal","SK 82 THN 2007"," 7 Juni 2007"
"Titik P1A","Jl. Tomang Raya","Kecamatan Gambir"," Jakarta Pusat","Taman","Billboard","Vertikal","SK 133 THN 2000"," 10 November 2003"
"Titik P1B","Jl. Tomang Raya","Kecamatan Gambir"," Jakarta Pusat","Taman","Billboard","Vertikal","SK 133 THN 2000"," 10 November 2003"
"Titik P2A","Jl. Gajah Mada/Jl. Hayam Wuruk","Kecamatan Gambir"," Jakarta Pusat","Tanggul Kali","Billboard","Horizontal","SK 133 THN 2000"," 10 November 2003"
"Titik P2B","Jl. Gajah Mada/Jl. Hayam Wuruk","Kecamatan Gambir"," Jakarta Pusat","Tanggul Kali","Billboard","Horizontal","SK 133 THN 2000"," 10 November 2003"
"Titik P3A","Jl. Pos/Pintu Air","Kecamatan Sawah Besar"," Jakarta Pusat","Taman","Billboard","Vertikal","SK 133 THN 2000"," 10 November 2003"
"Titik P3B","Jl. Pos/Pintu Air","Kecamatan Sawah Besar"," Jakarta Pusat","Taman","Billboard","Vertikal","SK 133 THN 2000"," 10 November 2003"
"Titik P4A","Jl. MH. Thamrin/Jl. Sumenep","Kecamatan Menteng"," Jakarta Pusat","Taman","Billboard","Vertikal","SK 133 THN 2000"," 10 November 2003"
"Titik P5A","Jl. MH. Thamrin/Taman Tanjung Karang","Kecamatan Tanah Abang"," Jakarta Pusat","Taman","Billboard","Vertikal","SK 133 THN 2000"," 10 November 2003"
"Titik P6A","Jl.","Kecamatan Tanah Abang"," Jakarta Pusat","Tanggul Kali","Billboard","Vertikal","SK 133 THN 2000"," 10 November 2003"
"Titik P6B","Jl.","Kecamatan Tanah Abang"," Jakarta Pusat","Tanggul Kali","Billboard","Vertikal","SK 133 THN 2000"," 10 November 2003"
"Titik P7A","Jl.","Kecamatan Menteng"," Jakarta Pusat","Tanggul Kali","Billboard","Vertikal","SK 133 THN 2000"," 10 November 2003"
"Titik P7B","Jl.","Kecamatan Menteng"," Jakarta Pusat","Tanggul Kali","Billboard","Vertikal","SK 133 THN 2000"," 10 November 2003"
"Titik P7C","Jl.","Kecamatan Menteng"," Jakarta Pusat","Tanggul Kali","Billboard","Vertikal","SK 133 THN 2000"," 10 November 2003"
"Titik P7D","Jl.","Kecamatan Menteng"," Jakarta Pusat","Tanggul Kali","Billboard","Vertikal","SK 133 THN 2000"," 10 November 2003"
"Titik P8A","Jl.","Kecamatan Tanah Abang"," Jakarta Pusat","Taman","Billboard","Vertikal","SK 133 THN 2000"," 10 November 2003"
"Titik P8B","Jl.","Kecamatan Tanah Abang"," Jakarta Pusat","Taman","Billboard","Vertikal","SK 133 THN 2000"," 10 November 2003"
"Titik P9A","Jl.","Kecamatan Tanah Abang"," Jakarta Pusat","Taman","Billboard","Vertikal","SK 133 THN 2000"," 10 November 2003"
"Titik P10A","Jl.","Kecamatan Tanah Abang"," Jakarta Pusat","Taman","Billboard","Vertikal","SK 133 THN 2000"," 10 November 2003"
"Titik P10B","Jl.","Kecamatan Tanah Abang"," Jakarta Pusat","Taman","Billboard","Vertikal","SK 133 THN 2000"," 10 November 2003"
"Titik P11A","Jl.","Kecamatan Tanah Abang"," Jakarta Pusat","Taman","Billboard","Vertikal","SK 133 THN 2000"," 10 November 2003"
"Titik P12A","Jl.","Kecamatan Tanah Abang"," Jakarta Pusat","Taman","Billboard","Vertikal","SK 133 THN 2000"," 10 November 2003"
"Titik P12B","Jl.","Kecamatan Tanah Abang"," Jakarta Pusat","Taman","Billboard","Vertikal","SK 133 THN 2000"," 10 November 2003"
"Titik P13A","Jl. Pramuka Raya/Pasar Genjing","Kecamatan Cempaka Putih"," Jakarta Pusat","Taman","Billboard","Vertikal","SK 133 THN 2000"," 10 November 2003"
"Titik P13B","Jl. Pramuka Raya/Pasar Genjing","Kecamatan Cempaka Putih"," Jakarta Pusat","Taman","Billboard","Vertikal","SK 133 THN 2000"," 10 November 2003"
"Titik P14A","Jl. Pramuka Raya/Jl. Jend. A Yani","Kecamatan Cempaka Putih"," Jakarta Pusat","Bahu Jalan","Billboard","Vertikal","SK 133 THN 2000"," 10 November 2003"
"Titik P14B","Jl. Pramuka Raya/Jl. Jend. A Yani","Kecamatan Cempaka Putih"," Jakarta Pusat","Bahu Jalan","Billboard","Vertikal","SK 133 THN 2000"," 10 November 2003"
"Titik P15 (Tambahan)","Jl.","Kecamatan Tanah Abang"," Jakarta Pusat","Bahu Jalan","Billboard","Vertikal","SK 55 THN 2002"," 25 April 2002"
"Titik P16 (Tambahan)","Jl. KH.Margono Djojohadikusumo/Jl. Inspeksi","Kecamatan Tanah Abang"," Jakarta Pusat","Bahu Jalan","Billboard","Horizontal","SK 55 THN 2002"," 25 April 2002"
"Titik P18","Jl. Majapahit-Jl.Abdul Muis","Kecamatan Gambir"," Jakarta Pusat","Bahu Jalan","Billboard","Vertikal","SK 14 THN 2005"," 20 Januari 2005"
"Titik P19","Jl. Salemba Raya depan RS St Carolous","Kecamatan Senen"," Jakarta Pusat","Bahu Jalan","Billboard","Horizontal","SK 14 THN 2005"," 20 Januari 2005"
"Titik P20","Jl. Proklamasi - Jl Talang Dalam","Kecamatan Menteng"," Jakarta Pusat","Jalur Hijau","Billboard","Vertikal","SK 14 THN 2005"," 20 Januari 2005"
"Titik P21","Jl. Penjernihan - Jl Pejompongan","Kecamatan Tanah Abang"," Jakarta Pusat","Taman","Billboard","Horizontal","SK 14 THN 2005"," 20 Januari 2005"
"Titik P22","Jl. MH Thamrin- Jl. Teluk Betung","Kecamatan Menteng"," Jakarta Pusat","Melintang Kali","Billboard","Horizontal","SK 14 THN 2005"," 20 Januari 2005"
"Titik P23","Jl. Menteng Raya","Kecamatan Menteng"," Jakarta Pusat","Taman","Billboard","Horizontal","SK 14 THN 2005"," 20 Januari 2005"
"Titik P24","Jl. Gerbang Pemuda (Taman)","Kecamatan Tanah Abang"," Jakarta Pusat","Taman","Billboard","Horizontal","SK 14 THN 2005"," 20 Januari 2005"
"Titik P25","Jl. KH Mas Mansyur - JL. Jend Sudirman","Kecamatan Tanah Abang"," Jakarta Pusat","Taman","Billboard","Horizontal","SK 14 THN 2005"," 20 Januari 2005"
"Titik P26","Jl. Jend.Gatot Subroto-Palmerah","Kecamatan Tanah Abang"," Jakarta Pusat","Bahu Jalan","Billboard","Vertikal","SK 14 THN 2005"," 20 Januari 2005"
"Titik P27","Jl. Jend.Gatot Subroto - JDC","Kecamatan Tanah Abang"," Jakarta Pusat","Taman","Billboard","Vertikal","SK 14 THN 2005"," 20 Januari 2005"
"Titik P28","Jl. Senen Raya - (Blk Hotel Borobudur )","Kecamatan Sawah Besar"," Jakarta Pusat","Taman","Billboard","Vertikal","SK 14 THN 2005"," 20 Januari 2005"
"Titik P29","Jl. Jend. Gatot Subroto - Walahar","Kecamatan Tanah Abang"," Jakarta Pusat","Taman","Billboard","Vertikal","SK 14 THN 2005"," 20 Januari 2005"
"Titik P30","Jl. Asia Afrika - Jl. Pintu Gelora 1","Kecamatan Tanah Abang"," Jakarta Pusat","Bahu Jalan","Billboard","Vertikal","SK 14 THN 2005"," 20 Januari 2005"
"Titik P31","Jl. Gajah Mada - Jl. Hayam Wuruk","Kecamatan Gambir"," Jakarta Pusat","Melintang Kali","Billboard","Horizontal","SK 14 THN 2005"," 20 Januari 2005"
"Titik P32","Jl. Jend.Gatot Subroto depan JHCC","Kecamatan Tanah Abang"," Jakarta Pusat","Bahu Jalan","Billboard","","SK 82 THN 2007"," 7 Juni 2007"
"Titik P33","Jl. Jend. Gatot Subroto dpn Rest Pulau Dua","Kecamatan Tanah Abang"," Jakarta Pusat","","Billboard","Horizontal","SK 82 THN 2007"," 7 Juni 2007"
"Titik P34","Jl. Gelora 1 Senayan/Jl. Gatot Subroto","Kecamatan Tanah Abang"," Jakarta Pusat","","Billboard","Horizontal","SK 82 THN 2007"," 7 Juni 2007"
"Titik P35","Jl. Jend. Gatot Subroto dpn Bank BNI","Kecamatan Tanah Abang"," Jakarta Pusat","Bahu Jalan","Billboard","","SK 82 THN 2007"," 7 Juni 2007"
"Titik P36","Jl. KH Mas Mansyur","Kecamatan Gambir"," Jakarta Pusat","Melintang Kali","Billboard","Horizontal","SK 82 THN 2007"," 7 Juni 2007"
"Titik P37","Jl. Kebon Kacang Raya","Kecamatan Tanah Abang"," Jakarta Pusat","Bahu Jalan","Billboard","","SK 82 THN 2007"," 7 Juni 2007"
"Titik - 37/25 (nomor Bead)","Jl. Gajah Mada/Jl. Hayam Wuruk/Ir. Juanda/Jl. Veteran","Kecamatan Sawah Besar"," Jakarta Pusat","Melintang Kali","Billboard","","SK 105 THN 2008"," 5 November 2008"
"Titik P2A - 38/27 (nomor Bead)","Jl. Gajah Mada/Jl. Hayam Wuruk/Ir. Juanda/Jl. Veteran (di atas Kali Ciliwung)","Kecamatan Gambir"," Jakarta Pusat","Melintang Kali","Billboard","","SK 105 THN 2008",""
"Titik P2B - 38/28 (nomor Bead)","Jl. Gajah Mada/Jl. Hayam Wuruk/Ir. Juanda/Jl. Veteran  (di atas Kali Ciliwung)","Kecamatan Gambir"," Jakarta Pusat","Melintang Kali","Billboard","","SK 105 THN 2008",""
"Titik P31 - 38/27 (nomor Bead)","Jl. Gajah Mada/Jl. Hayam Wuruk/Ir. Juanda/Jl. Veteran  (di atas Kali Ciliwung)","Kecamatan Gambir"," Jakarta Pusat","Melintang Kali","Billboard","","SK 105 THN 2008"," 5 November 2008"
"Titik U1A","Jl. Danau Sunter Barat","Kecamatan Tanjung Priok"," Jakarta Utara","Bahu Jalan","Billboard","Vertikal","SK 133 THN 2000"," 10 November 2003"
"Titik U1B","Jl. Danau Sunter Barat","Kecamatan Tanjung Priok"," Jakarta Utara","Bahu Jalan","Billboard","Vertikal","SK 133 THN 2000"," 10 November 2003"
"Titik U1C","Jl. Danau Sunter Barat","Kecamatan Tanjung Priok"," Jakarta Utara","Bahu Jalan","Billboard","Vertikal","SK 133 THN 2000"," 10 November 2003"
"Titik U2A","Jl. Danau Sunter Barat","Kecamatan Tanjung Priok"," Jakarta Utara","Bahu Jalan","Billboard","Vertikal","SK 133 THN 2000"," 10 November 2003"
"Titik U2B","Jl. Danau Sunter Barat","Kecamatan Tanjung Priok"," Jakarta Utara","Bahu Jalan","Billboard","Vertikal","SK 133 THN 2000"," 10 November 2003"
"Titik U3A","Jl. Danau Sunter Barat/Jl. Danau Sunter","Kecamatan Tanjung Priok"," Jakarta Utara","Bahu Jalan","Billboard","Vertikal","SK 133 THN 2000"," 10 November 2003"
"Titik U3B","Jl. Danau Sunter Barat/Jl. Danau Sunter","Kecamatan Tanjung Priok"," Jakarta Utara","Bahu Jalan","Billboard","Vertikal","SK 133 THN 2000"," 10 November 2003"
"Titik U4A","Jl. Danau Sunter Barat","Kecamatan Tanjung Priok"," Jakarta Utara","Bahu Jalan","Billboard","Vertikal","SK 133 THN 2000"," 10 November 2003"
"Titik U4B","Jl. Danau Sunter Barat","Kecamatan Tanjung Priok"," Jakarta Utara","Bahu Jalan","Billboard","Vertikal","SK 133 THN 2000"," 10 November 2003"
"Titik U5A","Jl. Danau Sunter Barat/Jl. Danau Sunter","Kecamatan Tanjung Priok"," Jakarta Utara","Bahu Jalan","Billboard","Vertikal","SK 133 THN 2000"," 10 November 2003"
"Titik U5B","Jl. Danau Sunter Barat/Jl. Danau Sunter","Kecamatan Tanjung Priok"," Jakarta Utara","Bahu Jalan","Billboard","Vertikal","SK 133 THN 2000"," 10 November 2003"
"Titik U6A","Jl. Danau Sunter Barat","Kecamatan Tanjung Priok"," Jakarta Utara","Bahu Jalan","Billboard","Vertikal","SK 133 THN 2000"," 10 November 2003"
"Titik U6B","Jl. Danau Sunter Barat","Kecamatan Tanjung Priok"," Jakarta Utara","Bahu Jalan","Billboard","Vertikal","SK 133 THN 2000"," 10 November 2003"
"Titik U6C","Jl. Danau Sunter Barat","Kecamatan Tanjung Priok"," Jakarta Utara","Bahu Jalan","Billboard","Vertikal","SK 133 THN 2000"," 10 November 2003"
"Titik U6D","Jl. Danau Sunter Barat","Kecamatan Tanjung Priok"," Jakarta Utara","Bahu Jalan","Billboard","Vertikal","SK 133 THN 2000"," 10 November 2003"
"Titik U7A","Jl. Danau Sunter Selatan","Kecamatan Tanjung Priok"," Jakarta Utara","Bahu Jalan","Billboard","Vertikal","SK 133 THN 2000"," 10 November 2003"
"Titik U8A","Jl. Boulevard Raya (Bund Klp Gading)","Kecamatan kelapa Gading"," Jakarta Utara","Taman","Billboard","Horizontal","SK 133 THN 2000"," 10 November 2003"
"Titik U8B","Jl. Boulevard Raya (Bund Klp Gading)","Kecamatan kelapa Gading"," Jakarta Utara","Taman","Billboard","Horizontal","SK 133 THN 2000"," 10 November 2003"
"Titik U8C","Jl. Boulevard Raya (Bund Klp Gading)","Kecamatan kelapa Gading"," Jakarta Utara","Taman","Billboard","Horizontal","SK 133 THN 2000"," 10 November 2003"
"Titik U8D","Jl. Boulevard Raya (Bund Klp Gading)","Kecamatan kelapa Gading"," Jakarta Utara","Taman","Billboard","Horizontal","SK 133 THN 2000"," 10 November 2003"
"Titik U9A","Jl. Perintis Kemerdekaan/Jl. Boulevard","Kecamatan kelapa Gading"," Jakarta Utara","Taman","Billboard","Vertikal","SK 133 THN 2000"," 10 November 2003"
"Titik U9B","Jl. Perintis Kemerdekaan/Jl. Boulevard","Kecamatan Kelapa Gading"," Jakarta Utara","Taman","Billboard","Vertikal","SK 133 THN 2000"," 10 November 2003"
"Titik U10","Jl. Perintis Kemerdekaan/Jl. Boulevard","Kecamatan Kelapa Gading"," Jakarta Utara","Taman","Billboard","Vertikal","SK 14 THN 2005"," 20 Januari 2005"
"Titik U11","Jl. Perintis Kemerdekaan/Jl. Yos Sudarso","Kecamatan Kelapa Gading"," Jakarta Utara","Taman","Billboard","Vertikal","SK 14 THN 2005"," 20 Januari 2005"
"Titik U12","Jl. Mangga Dua Raya","Kecamatan Pademangan"," Jakarta Utara","Taman","Billboard","Vertikal","SK 14 THN 2005"," 20 Januari 2005"
"Titik U13","Jl. Jembatan Tiga","Kecamatan Penjaringan"," Jakarta Utara","Taman","Billboard","Vertikal","SK 82 THN 2007"," 7 Juni 2007"
"Titik U14","Jl. Danau Sunter Barat/Jl. Danau Sunter Sulatan","Kecamatan Tanjung Priok"," Jakarta Utara","Taman","Billboard","Vertikal","SK 82 THN 2007"," 7 Juni 2007"
"Titik U15","Jl. Wiyoto Wiyono/Jl. Laks Yos Sudarso (dekat Pintu Tol Podomoro)","Kecamatan Tanjung Priok"," Jakarta Utara","Taman","Billboard","Vertikal","SK 82 THN 2007"," 7 Juni 2007"
"Titik U17","Jl. Laks Yos Sudarso dekat ITC Cempaka Mas","Kecamatan Kelapa Gading"," Jakarta Utara","Taman","Billboard","Vertikal","SK 82 THN 2007"," 7 Juni 2007"
"Titik U18","Jl. Tol Prof Sediyatmo (sisi utara)","Kecamatan Penjaringan"," Jakarta Utara","Taman","Billboard","Vertikal","SK 82 THN 2007"," 7 Juni 2007"
"Titik U19","Jl. Tol Pluit Tomang/Bantara Kali","Kecamatan Penjaringan"," Jakarta Utara","Taman","Billboard","Vertikal","SK 82 THN 2007"," 7 Juni 2007"
"Titik………","Jl. Laks.Yos Sudarso dpn Mall Artha Gading","Kecamatan Tanjung Priok"," Jakarta Utara","Taman","Billboard","Vertikal","SK 82 THN 2007"," 7 Juni 2007"
"Titik B1A","Jl. S.Parman/ Jl. Palmerah Barat","Kecamatan Palmerah"," Jakarta Barat","Bahu Jalan","Billboard","Vertikal","SK 133 THN 2000"," 10 November 2003"
"Titik B1B","Jl. S.Parman/ Jl. Palmerah Barat","Kecamatan Palmerah"," Jakarta Barat","Bahu Jalan","Billboard","Vertikal","SK 133 THN 2000"," 10 November 2003"
"Titik B2A","Jl. S.Parman/ Jl. Tomang Raya","Kecamatan Palmerah"," Jakarta Barat","Bahu Jalan","Billboard","Vertikal","SK 133 THN 2000"," 10 November 2003"
"Titik B2B","Jl. S.Parman/ Jl. Tomang Raya","Kecamatan Grogol Petamburan"," Jakarta Barat","Bahu Jalan","Billboard","Vertikal","SK 133 THN 2000"," 10 November 2003"
"Titik B3A","Jl. Kyai Tapa","Kecamatan Grogol Petamburan"," Jakarta Barat","Tanggul Kali","Billboard","Vertikal","SK 133 THN 2000"," 10 November 2003"
"Titik B3B","Jl. Kyai Tapa","Kecamatan Grogol Petamburan"," Jakarta Barat","Tanggul Kali","Billboard","Vertikal","SK 133 THN 2000"," 10 November 2003"
"Titik B4A","Jl. Kyai Tapa (terusan Jl. Latumeten)","Kecamatan Grogol Petamburan"," Jakarta Barat","Bahu Jalan","Billboard","Vertikal","SK 133 THN 2000"," 10 November 2003"
"Titik B4B","Jl. Kyai Tapa (terusan Jl. Latumeten)","Kecamatan Grogol Petamburan"," Jakarta Barat","Bahu Jalan","Billboard","Vertikal","SK 133 THN 2000"," 10 November 2003"
"Titik B4C","Jl. Kyai Tapa (terusan Jl. Latumeten)","Kecamatan Grogol Petamburan"," Jakarta Barat","Bahu Jalan","Billboard","Horizontal","SK 133 THN 2000"," 10 November 2003"
"Titik B5A","Jl. Latumeten","Kecamatan Grogol Petamburan"," Jakarta Barat","Tanggul Kali","Billboard","Horizontal","SK 133 THN 2000"," 10 November 2003"
"Titik B5B","Jl. Latumeten","Kecamatan Grogol Petamburan"," Jakarta Barat","Tanggul Kali","Billboard","Horizontal","SK 133 THN 2000"," 10 November 2003"
"Titik B6A","Jl.  Latumeten","Kecamatan Grogol Petamburan"," Jakarta Barat","Taman","Billboard","Horizontal","SK 133 THN 2000"," 10 November 2003"
"Titik B7A","Jl. Gajah Mada/ Jl. Hayam Wuruk","Kecamatan Taman Sari"," Jakarta Barat","Taman","Billboard","Vertikal","SK 133 THN 2000"," 10 November 2003"
"Titik B7B","Jl.  Gajah Mada/ Jl. Hayam Wuruk","Kecamatan Taman Sari"," Jakarta Barat","Taman","Billboard","Vertikal","SK 133 THN 2000"," 10 November 2003"
"Titik B8A","Jl. Arjuna Terusan (sisi Jl. tol Jkt-merak)","Kecamatan Palmerah"," Jakarta Barat","Taman","Billboard","Horizontal","SK 133 THN 2000"," 10 November 2003"
"Titik B8B","Jl. Arjuna Terusan (sisi Jl. tol Jkt-merak)","Kecamatan Palmerah"," Jakarta Barat","Taman","Billboard","Horizontal","SK 133 THN 2000"," 10 November 2003"
"Titik B8C","Jl. Arjuna Terusan (sisi Jl. tol Jkt-merak)","Kecamatan Palmerah"," Jakarta Barat","Taman","Billboard","Horizontal","SK 133 THN 2000"," 10 November 2003"
"Titik B9A","Jl. Kemanggisan Utama","Kecamatan Palmerah"," Jakarta Barat","Tanggul Kali","Billboard","Horizontal","SK 133 THN 2000"," 10 November 2003"
"Titik B10A","Jl. Arjuna","Kecamatan Tambora"," Jakarta Barat","Taman","Billboard","Horizontal","SK 133 THN 2000"," 10 November 2003"
"Titik B11A","Jl. Daan Mogot/Jl. Tubagus Angke","Kecamatan Cengkareng"," Jakarta Barat","Taman","Billboard","Horizontal","SK 133 THN 2000"," 10 November 2003"
"Titik B11B","Jl. Daan Mogot/Jl. Tubagus Angke","Kecamatan Cengkareng"," Jakarta Barat","Taman","Billboard","Horizontal","SK 133 THN 2000"," 10 November 2003"
"Titik B12A","Jl. Pos Pengumben","Kecamatan Kebon Jeruk"," Jakarta Barat","Taman","Billboard","Horizontal","SK 133 THN 2000"," 10 November 2003"
"Titik B13A","Jl.","Kecamatan Kebon Jeruk"," Jakarta Barat","Taman","Billboard","Horizontal","SK 133 THN 2000"," 10 November 2003"
"Titik B14A","Jl. Pejuangan, (Terusan Jl. Pesanggrahan)","Kecamatan Kembangan"," Jakarta Barat","Taman","Billboard","Horizontal","SK 133 THN 2000"," 10 November 2003"
"Titik B14B","Jl. Pejuangan, (Terusan Jl. Pesanggrahan)","Kecamatan Kembangan"," Jakarta Barat","Taman","Billboard","Horizontal","SK 133 THN 2000"," 10 November 2003"
"Titik B15A","Jl. Daan Mogot, Cengkareng Timur","Kecamatan Cengkareng"," Jakarta Barat","Tanggul Kali","Billboard","Horizontal","SK 133 THN 2000"," 10 November 2003"
"Titik B15B","Jl. Daan Mogot, Cengkareng Timur","Kecamatan Cengkareng"," Jakarta Barat","Tanggul Kali","Billboard","Horizontal","SK 133 THN 2000"," 10 November 2003"
"Titik B16A","Jl. Kapuk Raya","Kecamatan Cengkareng"," Jakarta Barat","Bahu Jalan","Billboard","Horizontal","SK 133 THN 2000"," 10 November 2003"
"Titik B16B","Jl. Kapuk Raya","Kecamatan Cengkareng"," Jakarta Barat","Bahu Jalan","Billboard","Horizontal","SK 133 THN 2000"," 10 November 2003"
"Titik B17A","Jl. Lingkar luar barat, Tegal Alur","Kecamatan Kalideres"," Jakarta Barat","Bahu Jalan","Billboard","Vertikal","SK 133 THN 2000"," 10 November 2003"
"Titik B17B","Jl. Lingkar luar barat, Tegal Alur","Kecamatan Kalideres"," Jakarta Barat","Bahu Jalan","Billboard","Vertikal","SK 133 THN 2000"," 10 November 2003"
"Titik B18A","Jl. Lingkar luar barat, Cengkareng Barat","Kecamatan Cengkareng"," Jakarta Barat","Bahu Jalan","Billboard","Horizontal","SK 133 THN 2000"," 10 November 2003"
"Titik B19A","Jl. Lingkar luar barat, Cengkareng Barat","Kecamatan Cengkareng"," Jakarta Barat","Bahu Jalan","Billboard","Vertikal","SK 133 THN 2000"," 10 November 2003"
"Titik B19B","Jl. Lingkar luar barat, Cengkareng Barat","Kecamatan Cengkareng"," Jakarta Barat","Bahu Jalan","Billboard","Vertikal","SK 133 THN 2000"," 10 November 2003"
"Titik B19C","Jl. Lingkar luar barat, Cengkareng Barat","Kecamatan Cengkareng"," Jakarta Barat","Bahu Jalan","Billboard","Horizontal","SK 133 THN 2000"," 10 November 2003"
"Titik B19D","Jl. Lingkar luar barat, Cengkareng Barat","Kecamatan Cengkareng"," Jakarta Barat","Bahu Jalan","Billboard","Horizontal","SK 133 THN 2000"," 10 November 2003"
"Titik B20A","Jl. Lingkar luar barat, Cengkareng Barat","Kecamatan Cengkareng"," Jakarta Barat","Bahu Jalan","Billboard","Horizontal","SK 133 THN 2000"," 10 November 2003"
"Titik B20B","Jl. Lingkar luar barat, Cengkareng Barat","Kecamatan Cengkareng"," Jakarta Barat","Bahu Jalan","Billboard","Horizontal","SK 133 THN 2000"," 10 November 2003"
"Titik B21A","Jl. Lingkar luar barat, Duri Kosambi","Kecamatan Cengkareng"," Jakarta Barat","Bahu Jalan","Billboard","Horizontal","SK 133 THN 2000"," 10 November 2003"
"Titik B22A","Jl. Lingkar luar barat, Kembangan Barat","Kecamatan Kembangan"," Jakarta Barat","Tanggul Kali","Billboard","Horizontal","SK 133 THN 2000"," 10 November 2003"
"Titik B22B","Jl. Lingkar luar barat, Kembangan Barat","Kecamatan Kembangan"," Jakarta Barat","Tanggul Kali","Billboard","Horizontal","SK 133 THN 2000"," 10 November 2003"
"Titik B23A","Jl. Lingkar luar barat, Kembangan Timur","Kecamatan Palmerah"," Jakarta Barat","Bahu Jalan","Billboard","Horizontal","SK 133 THN 2000"," 10 November 2003"
"Titik B25A","Jl. Kembang Kerep Puri/Jl Tol Merek","Kecamatan Kembangan"," Jakarta Barat","Taman","Billboard","Horizontal","SK 133 THN 2000"," 10 November 2003"
"Titik B25B","Jl. Kembang Kerep Puri/Jl Tol Merek","Kecamatan Kembangan"," Jakarta Barat","Taman","Billboard","Horizontal","SK 133 THN 2000"," 10 November 2003"
"Titik B26A","Jl. Kembang Kerep/Jl Meruya Raya","Kecamatan Kembangan"," Jakarta Barat","Taman","Billboard","Horizontal","SK 133 THN 2000"," 10 November 2003"
"Titik B27A","Jl. Daan Mogot/ Terminal Kalideres","Kecamatan kalideres"," Jakarta Barat","Bahu Jalan","Billboard","Vertikal","SK 133 THN 2000"," 10 November 2003"
"Titik B27B","Jl. Daan Mogot/ Terminal Kalideres","Kecamatan kalideres"," Jakarta Barat","Bahu Jalan","Billboard","Vertikal","SK 133 THN 2000"," 10 November 2003"
"Titik B28A","Jl. Peta Barat, Pegadungan Kalideres","Kecamatan kalideres"," Jakarta Barat","Bahu Jalan","Billboard","Horizontal","SK 133 THN 2000"," 10 November 2003"
"Titik B29A","Jl. Palmerah Barat/Jl. Rawa Belong","Kecamatan Kebon Jeruk"," Jakarta Barat","Bahu Jalan","Billboard","Horizontal","SK 133 THN 2000"," 10 November 2003"
"Titik B30","Jl. Tomang Raya","Kecamatan Grogol Petamburan"," Jakarta Barat","Taman","Billboard","Horizontal","SK 55 THN 2002"," 25 April 2002"
"Titik B31","Jl. Letjen S.Parman - Tanjung Duren raya","Kecamatan Grogol Petamburan"," Jakarta Barat","Taman","Billboard","Vertikal","SK 14 THN 2005"," 20 Januari 2005"
"Titik B32","Jl. Letjen S.Parman - Tanjung Duren raya","Kecamatan Grogol Petamburan"," Jakarta Barat","Taman","Billboard","Vertikal","SK 14 THN 2005"," 20 Januari 2005"
"Titik B33","Jl. Pesanggrahan","Kecamatan Kembangan"," Jakarta Barat","Taman","Billboard","Vertikal","SK 14 THN 2005"," 20 Januari 2005"
"Titik B34","Jl. Kyai Tapa-Jl. S.Parman","Kecamatan Grogol Petamburan"," Jakarta Barat","Taman","Billboard","Vertikal","SK 14 THN 2005"," 20 Januari 2005"
"Titik B35","Jl. Letjen S.Parman depan RS Harapan Kita","Kecamatan Palmerah"," Jakarta Barat","Taman","Billboard","Vertikal","SK 82 THN 2007"," 7 Juni 2007"
"Titik B36","Jl. Letjen S.Parman","Kecamatan Palmerah"," Jakarta Barat","Taman","Billboard","Vertikal","SK 82 THN 2007"," 7 Juni 2007"
"Titik B37","Jl. Letjen S.Parman","Kecamatan Grogol Petamburan"," Jakarta Barat","Taman","Billboard","Vertikal","SK 82 THN 2007"," 7 Juni 2007"
"Titik B38","Jl. Letjen S.Parman","Kecamatan Grogol Petamburan"," Jakarta Barat","Taman","Billboard","Vertikal","SK 82 THN 2007"," 7 Juni 2007"
"Titik B39","Jl. Satria/Jl. Latumeten","Kecamatan Grogol Petamburan"," Jakarta Barat","Taman","Billboard","Vertikal","SK 82 THN 2007"," 7 Juni 2007"
"Titik B40","Jl. Tol Prof Dr Latumeten","Kecamatan Grogol Petamburan"," Jakarta Barat","Taman","Billboard","Vertikal","SK 82 THN 2007"," 7 Juni 2007"
"Titik B41","Jl. Tol Angke/Jl. Prof.Dr Latumeten","Kecamatan Grogol Petamburan"," Jakarta Barat","Taman","Billboard","Vertikal","SK 82 THN 2007"," 7 Juni 2007"
"Titik B42","Jl. Hayam Wuruk/Jl. Gajah Mada","Kecamatan Taman Sari"," Jakarta Barat","Taman","Billboard","Vertikal","SK 82 THN 2007"," 7 Juni 2007"
"Titik……….. (No LRK 17/25)","Jl. Daan Mogot/Jl. Lingkar Luar Barat (Perempatan Cengkaren)","Kecamatan Cengkareng"," Jakarta Barat","Taman","Billboard","Vertikal","SK 82 THN 2007"," 7 Juni 2007"
"Titik……….. (No LRK 2633-34)","Jl. Raya Perjuangan","Kecamatan Kebon Jeruk"," Jakarta Barat","Taman","Billboard","Vertikal","SK 82 THN 2007"," 7 Juni 2007"
"Titik……….. (No Blad 38/27)","Jl. Gajah Mada/Jl. Hayam Wuruk/Jl. Ir. H Juanda/Jl. Veteran (di atas Kali Ciliwung)","Kecamatan Taman Sari"," Jakarta Barat","Melintang Kali","Billboard","Vertikal","SK 105 THN 2008"," 5 November 2008"
"Titik……….. (No Blad 37/24)","Jl. Gajah Mada/Jl. Hayam Wuruk/Jl. Ir. H Juanda/Jl. Veteran (di atas Kali Ciliwung)","Kecamatan Taman Sari"," Jakarta Barat","Melintang Kali","Billboard","Vertikal","SK 105 THN 2008",""
